SET session_replication_role = 'replica';


------------------------------
-- 1. Employees (20 записей)
-- Сотрудники назначаются только на должности 1–6 (департаменты 1–3). Для разнообразия задаём разные даты, пол и количество детей.
INSERT INTO "Employees" (id, name, surname, patronymic, birth_date, child_number, hired_at, sex, position_id, salary) VALUES
(1, 'Иван', 'Иванов', 'Иванович', '1980-01-01', 1, '2010-01-01', 'M', 1, 50000.00),
(2, 'Пётр', 'Петров', 'Петрович', '1982-02-02', 0, '2011-02-02', 'M', 2, 52000.00),
(3, 'Сидор', 'Сидоров', 'Сидорович', '1985-03-03', 2, '2012-03-03', 'M', 3, 48000.00),
(4, 'Анна', 'Смирнова', 'Александровна', '1990-04-04', 1, '2013-04-04', 'F', 4, 47000.00),
(5, 'Елена', 'Фёдорова', 'Николаевна', '1988-05-05', 0, '2014-05-05', 'F', 5, 46000.00),
(6, 'Сергей', 'Семёнов', 'Сергеевич', '1978-06-06', 3, '2009-06-06', 'M', 6, 55000.00),
(7, 'Ольга', 'Кузнецова', 'Владимировна', '1983-07-07', 0, '2015-07-07', 'F', 1, 51000.00),
(8, 'Дмитрий', 'Попов', 'Иванович', '1987-08-08', 2, '2016-08-08', 'M', 2, 49500.00),
(9, 'Марина', 'Васильева', 'Петровна', '1992-09-09', 1, '2017-09-09', 'F', 3, 48500.00),
(10, 'Алексей', 'Новиков', 'Дмитриевич', '1984-10-10', 0, '2018-10-10', 'M', 4, 50000.00),
(11, 'Виктор', 'Сергеев', 'Игоревич', '1981-11-11', 1, '2008-11-11', 'M', 5, 53000.00),
(12, 'Наталья', 'Михайлова', 'Васильевна', '1989-12-12', 0, '2013-12-12', 'F', 6, 49000.00),
(13, 'Руслан', 'Ковалёв', 'Алексеевич', '1991-01-15', 2, '2014-01-15', 'M', 1, 51000.00),
(14, 'Ирина', 'Лебедева', 'Сергеевна', '1993-02-16', 1, '2015-02-16', 'F', 2, 50000.00),
(15, 'Максим', 'Орлов', 'Владимирович', '1986-03-17', 0, '2012-03-17', 'M', 3, 48000.00),
(16, 'Светлана', 'Григорьева', 'Павловна', '1990-04-18', 2, '2016-04-18', 'F', 4, 47000.00),
(17, 'Константин', 'Демидов', 'Михайлович', '1982-05-19', 1, '2011-05-19', 'M', 5, 52000.00),
(18, 'Людмила', 'Борисова', 'Андреевна', '1987-06-20', 0, '2013-06-20', 'F', 6, 50000.00),
(19, 'Владимир', 'Егоров', 'Романович', '1984-07-21', 1, '2010-07-21', 'M', 3, 49500.00),
(20, 'Татьяна', 'Фролова', 'Петровна', '1989-08-22', 0, '2014-08-22', 'F', 4, 48500.00);

SELECT setval(pg_get_serial_sequence('"Employees"', 'id'), (SELECT MAX(id) FROM "Employees"));


------------------------------
-- 2. Departments (4 записи)
-- Обратите внимание: столбец department_id должен совпадать с существующим значением из Positions (здесь используем 1..4).
-- Назначаем директора для департаментов 1–3 из сотрудников, а для департамента 4 выбираем сотрудника, не привязанного к нему (чтобы департамент остался пустым по должностям).
INSERT INTO "Departments" (department_id, department_name, director_id) VALUES
(1, 'Департамент 1', 1),
(2, 'Департамент 2', 3),
(3, 'Департамент 3', 5),
(4, 'Департамент 4', 1);  -- департамент 4 будет пуст, так как ни один сотрудник не занимает должности с department_id = 4


------------------------------
-- 3. Positions (8 записей)
-- Распределяем должности по департаментам: для департаментов 1,2,3 – по 2 должности, для департамента 4 – тоже 2, но потом сотрудники не назначаются
INSERT INTO "Positions" (position_id, department_id, position_name) VALUES
(1, 1, 'Директор по эксплуатации'),
(2, 1, 'Главный инженер'),
(3, 2, 'Водитель локомотива'),
(4, 2, 'Кондуктор'),
(5, 3, 'Механик'),
(6, 3, 'Специалист по ремонту'),
(7, 4, 'Офис-менеджер'),
(8, 4, 'Бухгалтер');

------------------------------
-- 6. Brigades (создадим 4 бригады, по одной для каждого департамента)
INSERT INTO "Brigades" (brigade_id, department_id) VALUES
(1, 1),
(2, 2),
(3, 3),
(4, 4);

------------------------------
-- 7. BrigadeMembers (распределим часть сотрудников по бригадам; назначим 15 из 20)
INSERT INTO "BrigadeMembers" (brigade_id, employee_id) VALUES
(1, 1),
(1, 2),
(1, 7),
(2, 3),
(2, 4),
(2, 8),
(3, 5),
(3, 6),
(3, 9),
(3, 11),
(4, 10),
(4, 12),
(4, 13),
(4, 14),
(4, 15);

------------------------------
-- 8. TechnicBrigades (4 записей – по одной для каждой бригады)
INSERT INTO "TechnicBrigades" (technic_brigade_id, brigade_id) VALUES
(1, 1),
(2, 2),
(3, 3),
(4, 4);

------------------------------
-- 14. Trains (10 записей; locomotive_id выбираем из имеющихся 12, обеспечивая уникальность в таблице Trains)
INSERT INTO "Trains" (train_number, locomotive_id, train_type) VALUES
('A707', 1, 'скорый'),
('B600', 2, 'пригородный'),
('C404', 3, 'пассажирский'),
('A899', 4, 'грузовой'),
('B300', 5, 'скорый'),
('A100', 6, 'пригородный'),
('C367', 7, 'пассажирский'),
('D890', 8, 'грузовой'),
('A467', 9, 'скорый'),
('B251', 10, 'пригородный');

------------------------------
-- 9. Locomotives (12 записей; некоторые с одинаковыми моделями)
-- Распределяем локомотивы между бригадами (locomotive_brigade_id и technic_brigade_id выбираем из 1..4)
INSERT INTO "Locomotives" (id, model, status, locomotive_brigade_id, technic_brigade_id, put_into_service, base_station_id) VALUES
(1, 'Model A', 'работает', 1, 1, '2010-01-01', 3),
(2, 'Model A', 'работает', 1, 1, '2011-02-02', 3),
(3, 'Model A', 'в резерве', 1, 1, '2012-03-03', 1),
(4, 'Model B', 'списан', 2, 2, '2013-04-04', 2),
(5, 'Model B', 'работает', 2, 2, '2014-05-05', 5),
(6, 'Model B', 'работает', 2, 2, '2015-06-06', 5),
(7, 'Model C', 'в резерве', 3, 3, '2016-07-07', 2),
(8, 'Model C', 'списан', 3, 3, '2017-08-08', 7),
(9, 'Model D', 'работает', 4, 4, '2018-09-09', 9),
(10, 'Model D', 'работает', 4, 4, '2019-10-10', 9),
(11, 'Model D', 'работает', 4, 4, '2020-11-11', 3),
(12, 'Model D', 'в резерве', 4, 4, '2021-12-12', 3);

------------------------------
-- 10. MedicalCheckups (несколько записей; у некоторых сотрудников несколько проверок, у некоторых – нет)
-- Всего 14 записей.
INSERT INTO "MedicalCheckups" (medical_checkup_id, employee_id, medical_checkup_date) VALUES
(1, 1, '2022-01-01'),
(2, 1, '2022-06-01'),
(3, 2, '2022-01-01'),
(14, 3, '2022-01-01'),
(4, 3, '2023-01-01'),
(5, 4, '2022-01-01'),
(6, 4, '2022-03-01'),
(7, 5, '2022-01-01'),
(8, 6, '2022-02-01'),
(9, 7, '2022-02-01'),
(10, 10, '2022-02-01'),
(11, 15, '2022-02-01'),
(12, 15, '2022-04-01'),
(13, 18, '2022-05-01');

------------------------------
-- 11. Stations (10 записей)
INSERT INTO "Stations" (station_id, station_name, is_abroad) VALUES
(1, 'Станция 1', false),
(2, 'Станция 2', false),
(3, 'Грасиона', false),
(4, 'Станция 4', false),
(5, 'Станция 5', true),
(6, 'Станция 6', false),
(7, 'Станция 7', false),
(8, 'Станция 8', false),
(9, 'Станция 9', false),
(10, 'Станция 10', false);

------------------------------
-- 12. RoutesStations (10 записей; связываем route_id с station_id)
INSERT INTO "RoutesStations" (route_id, station_id, arrival_time_id, station_number) VALUES
(1, 1, 1, 1),
(1, 2, 2, 2),
(1, 3, 3, 3),
(2, 4, 4, 1),
(2, 5, 5, 2),
(3, 1, 6, 1),
(3, 2, 7, 2),
(3, 3, 8, 3),
(4, 4, 9, 1),
(5, 5, 10, 1),
(6, 6, 11, 1),
(7, 7, 12, 1),
(8, 8, 13, 1),
(9, 9, 14, 1),
(10, 10, 15, 1);

INSERT INTO "ArrivalTime" (arrival_id, real_arrival_time, real_departure_time) VALUES
(1, '2025-04-01 12:05', '2025-04-01 12:15'),
(2, '2025-04-03 12:58', NULL),
(3, '2025-04-04 12:01', '2025-04-04 12:20'),
(4, '2025-04-08 17:55', NULL),
(5, '2025-04-08 10:58', '2025-04-08 11:12'),
(6, '2025-04-10 12:50', '2025-04-10 13:10'),
(7, '2025-04-10 16:59', NULL),
(8, '2025-04-12 08:59', '2025-04-12 09:10'),
(9, '2025-04-12 09:58', '2025-04-12 10:15'),
(10, '2025-04-15 10:55', '2025-04-15 11:10'),
(11, '2025-04-16 11:05', '2025-04-16 11:20'),
(12, '2025-04-17 13:15', NULL),
(13, '2025-04-18 14:00', '2025-04-18 14:10'),
(14, '2025-04-19 09:45', NULL),
(15, '2025-04-20 10:30', '2025-04-20 10:55');


------------------------------
-- 13. Routes (30 записей)
INSERT INTO "Routes" ("route_id", "start_time", "end_time", "real_arrival_time", "real_departure_time", "status", "train_number") VALUES
-- Для маршрута с train_number 'A707'
(1, '2025-04-01 08:00', '2025-04-01 12:00', '2025-04-01 12:05', '2025-04-01 12:15', 'закончил', 'A707'),

-- Для маршрута с train_number 'B600'
(2, '2025-04-01 09:00', '2025-04-01 13:00', NULL, NULL, 'отменён', 'B600'),
(3, '2025-04-01 10:00', '2025-04-01 14:30', '2025-04-01 14:25', NULL, 'прибыл', 'B600'),

-- Для маршрута с train_number 'C404'
(4, '2025-04-02 08:00', '2025-04-02 12:00', NULL, NULL, 'в пути', 'C404'),
(5, '2025-04-02 09:00', '2025-04-02 13:00', NULL, NULL, 'задерживается', 'C404'),
(6, '2025-04-02 10:00', '2025-04-02 14:30', '2025-04-02 14:35', '2025-04-02 14:50', 'ушёл', 'C404'),

-- Для маршрута с train_number 'A899'
(7, '2025-04-03 08:00', '2025-04-03 12:00', NULL, NULL, 'в депо', 'A899'),
(8, '2025-04-03 09:00', '2025-04-03 13:00', '2025-04-03 12:58', NULL, 'прибыл', 'A899'),

-- Для маршрута с train_number 'B300'
(9, '2025-04-03 10:00', '2025-04-03 14:30', NULL, NULL, 'в пути', 'B300'),
(10, '2025-04-04 08:00', '2025-04-04 12:00', '2025-04-04 12:01', '2025-04-04 12:20', 'закончил', 'B300'),

-- Для маршрута с train_number 'A100'
(11, '2025-04-08 08:00', '2025-04-08 12:00', NULL, NULL, 'в пути', 'A100'),
(12, '2025-04-10 09:00', '2025-04-10 13:00', '2025-04-10 12:50', '2025-04-10 13:10', 'закончил', 'A100'),

-- Для маршрута с train_number 'C367'
(13, '2025-04-09 06:30', '2025-04-09 11:00', NULL, NULL, 'отменён', 'C367'),
(14, '2025-04-11 07:00', '2025-04-11 12:00', NULL, NULL, 'в пути', 'C367'),

-- Для маршрута с train_number 'D890'
(15, '2025-04-08 14:00', '2025-04-08 18:00', '2025-04-08 17:55', NULL, 'прибыл', 'D890'),
(16, '2025-04-10 08:00', '2025-04-10 14:00', NULL, NULL, 'задерживается', 'D890'),

-- Для маршрута с train_number 'A467'
(17, '2025-04-07 06:00', '2025-04-07 10:00', NULL, NULL, 'в пути', 'A467'),
(18, '2025-04-08 06:00', '2025-04-08 11:00', '2025-04-08 10:58', '2025-04-08 11:12', 'закончил', 'A467'),

-- Для маршрута с train_number 'B251'
(19, '2025-04-09 12:00', '2025-04-09 16:00', NULL, NULL, 'отменён', 'B251'),
(20, '2025-04-10 13:00', '2025-04-10 17:00', '2025-04-10 16:59', NULL, 'прибыл', 'B251');



------------------------------
-- 13. DelayReason
INSERT INTO "DelayReason" ("route_id", "reason") VALUES
(5, 'Плохая погода'),
(10, 'Неисправность инфраструктуры'),
(16, 'Восстание коммунистов'),
(19, 'День рождение машиниста');


------------------------------
-- 16. Repairs (10 записей; ремонт для локомотивов, выбираем locomotive_id из имеющихся)
INSERT INTO "Repairs" (repair_id, locomotive_id, repair_start_date, repair_end_date, repair_type) VALUES
(1, 1, '2022-02-01', '2022-02-05', 'плановый'),
(2, 4, '2022-02-02', '2022-02-06', 'рейсовый'),
(3, 4, '2022-02-03', '2022-02-07', 'плановый'),
(4, 4, '2022-02-04', '2022-02-08', 'рейсовый'),
(5, 5, '2022-02-05', '2022-02-09', 'плановый'),
(6, 5, '2022-02-06', '2022-02-10', 'рейсовый'),
(7, 8, '2022-02-07', '2022-02-11', 'плановый'),
(8, 8, '2022-02-08', '2022-02-12', 'рейсовый'),
(9, 9, '2022-02-09', '2022-02-13', 'плановый'),
(10, 10, '2022-02-10', '2022-02-14', 'рейсовый');

------------------------------
-- 17. Passengers (10 записей)
INSERT INTO "Passengers" (passenger_id, name, surname, patronimic, sex, birth_date) VALUES
(1, 'John', 'Doe', 'A', 'M', '1990-01-01'),
(2, 'Jane', 'Doe', 'B', 'F', '1991-02-02'),
(3, 'Alice', 'Smith', 'C', 'F', '1992-03-03'),
(4, 'Bob', 'Johnson', 'D', 'M', '1993-04-04'),
(5, 'Charlie', 'Brown', 'E', 'M', '1994-05-05'),
(6, 'Diana', 'Prince', 'F', 'F', '1995-06-06'),
(7, 'Edward', 'Norton', 'F', 'M', '1996-07-07'),
(8, 'Fiona', 'Apple', 'G', 'F', '1997-08-08'),
(9, 'George', 'Martin', 'H', 'M', '1998-09-09'),
(10, 'Hannah', 'Montana', 'I', 'F', '1999-10-10');

------------------------------
-- 18. Tickets (10 записей)
INSERT INTO "Tickets" (ticket_id, route_id, ticket_status, passenger_id, bought_at, price) VALUES
(1, 1, 'куплен', 1, '2022-01-01 07:00', 100.00),
(2, 2, 'забронирован', 2, '2022-01-02 08:00', 110.00),
(3, 3, 'возвращён', 3, null, 120.00),
(4, 4, 'куплен', 4, '2022-01-04 10:00', 130.00),
(14, 4, 'свободен', 6, null, 130.00),
(5, 5, 'забронирован', 5, '2022-01-05 11:00', 140.00),
(6, 6, 'возвращён', 6, null, 150.00),
(11, 6, 'возвращён', 6, null, 150.00),
(12, 6, 'свободен', 6, null, 150.00),
(13, 6, 'свободен', 6, null, 150.00),
(7, 7, 'куплен', 7, '2022-01-07 13:00', 160.00),
(8, 8, 'забронирован', 8, '2022-01-08 14:00', 170.00),
(9, 9, 'возвращён', 9, null, 180.00),
(10, 10, 'куплен', 10, '2022-01-10 16:00', 190.00),
(15, 16, 'возвращён', 9, null, 180.00),
(16, 16, 'возвращён', 9, null, 180.00),
(17, 16, 'возвращён', 9, null, 180.00);

------------------------------
-- 19. Luggage (10 записей)
INSERT INTO "Luggage" (luggage_id, weight) VALUES
(1, 10.0),
(2, 12.5),
(3, 8.0),
(4, 15.0),
(5, 9.5),
(6, 11.0),
(7, 13.0),
(8, 7.5),
(9, 14.0),
(10, 10.5);

------------------------------
-- 20. TicketsLuggage (8 записей; некоторые типы багажа используются в нескольких записях)
INSERT INTO "TicketsLuggage" (ticket_id, luggage_id) VALUES
(1, 1),
(2, 2),
(3, 3),
(4, 4),
(5, 1),  -- повторное использование багажа с id=1
(6, 5),
(7, 6),
(8, 7);



INSERT INTO "AttributesName" ("attributeName_id", name) VALUES
  (1, 'Разряд'),
  (2, 'Владение английским'),
  (3, 'Иностранный специалист'),
  (4, 'Экономическое образование');

------------------------------
-- Обновляем таблицу PositionsAttributesName:

-- Привязываем атрибуты к должностям (предположим, что наши 8 позиций следующие):
-- 1. Директор по эксплуатации – применимы: Владение английским (2) и Иностранный специалист (3)
INSERT INTO "PositionsAttributesName" (position_id, attribute_id) VALUES
  (1, 2),
  (1, 3);
  
-- 2. Главный инженер – применимы: Разряд (1) и Владение английским (2)
INSERT INTO "PositionsAttributesName" (position_id, attribute_id) VALUES
  (2, 1),
  (2, 2);
  
-- 3. Водитель – применяется только Разряд
INSERT INTO "PositionsAttributesName" (position_id, attribute_id) VALUES
  (3, 1);
  
-- 4. Кондуктор – применяется только Владение английским
INSERT INTO "PositionsAttributesName" (position_id, attribute_id) VALUES
  (4, 2);
  
-- 5. Механик – применяется только Разряд
INSERT INTO "PositionsAttributesName" (position_id, attribute_id) VALUES
  (5, 1);
  
-- 6. Специалист по ремонту – применяется только Разряд
INSERT INTO "PositionsAttributesName" (position_id, attribute_id) VALUES
  (6, 1);
  
-- 7. Офис-менеджер – применяется: Владение английским (2) и Иностранный специалист (3)
INSERT INTO "PositionsAttributesName" (position_id, attribute_id) VALUES
  (7, 2),
  (7, 3);
  
-- 8. Бухгалтер – экономическая профессия, поэтому: Владение английским (2) и Экономическое образование (4)
INSERT INTO "PositionsAttributesName" (position_id, attribute_id) VALUES
  (8, 2),
  (8, 4);

------------------------------
-- Обновляем таблицу AttributesValues: удаляем старые записи и вставляем новые примеры

-- Примерные значения для некоторых сотрудников:
-- Сотрудник 1 (должность 1: Директор по эксплуатации): у него зададим Владение английским и Иностранный специалист.
INSERT INTO "AttributesValues" ("attributeValue_id", "attributeName_id", value, employe_id) VALUES
  (1, 2, '+', 1),       -- Владение английским: +
  (2, 3, '-', 1);       -- Иностранный специалист: -

-- Сотрудник 2 (должность 2: Главный инженер): задаём Разряд и Владение английским.
INSERT INTO "AttributesValues" ("attributeValue_id", "attributeName_id", value, employe_id) VALUES
  (3, 1, 'II', 2),      -- Разряд: II
  (4, 2, '+', 2);       -- Владение английским: +

-- Сотрудник 3 (должность 3: Водитель): задаём Разряд.
INSERT INTO "AttributesValues" ("attributeValue_id", "attributeName_id", value, employe_id) VALUES
  (5, 1, 'I', 3);       -- Разряд: I

-- Сотрудник 4 (должность 4: Кондуктор): задаём Владение английским.
INSERT INTO "AttributesValues" ("attributeValue_id", "attributeName_id", value, employe_id) VALUES
  (6, 2, '+', 4);       -- Владение английским: +

-- Сотрудник 5 (должность 5: Механик): задаём Разряд.
INSERT INTO "AttributesValues" ("attributeValue_id", "attributeName_id", value, employe_id) VALUES
  (7, 1, 'III', 5);     -- Разряд: III

-- Сотрудник 6 (должность 6: Специалист по ремонту): задаём Разряд.
INSERT INTO "AttributesValues" ("attributeValue_id", "attributeName_id", value, employe_id) VALUES
  (8, 1, '-', 6);       -- Разряд: '-' (нет разряда)

-- Сотрудник 7 (должность 1: Директор по эксплуатации): задаём Владение английским и Иностранный специалист.
INSERT INTO "AttributesValues" ("attributeValue_id", "attributeName_id", value, employe_id) VALUES
  (9, 2, '+', 7),       -- Владение английским: +
  (10, 3, '+', 7);      -- Иностранный специалист: +

-- Сотрудник 8 (должность 2: Главный инженер): задаём Разряд и Владение английским.
INSERT INTO "AttributesValues" ("attributeValue_id", "attributeName_id", value, employe_id) VALUES
  (11, 1, 'II', 8),     -- Разряд: II
  (12, 2, '+', 8);      -- Владение английским: +

-- Сотрудник 9 (должность 3: Водитель): задаём Разряд.
INSERT INTO "AttributesValues" ("attributeValue_id", "attributeName_id", value, employe_id) VALUES
  (13, 1, 'I', 9);      -- Разряд: I

-- Сотрудник 10 (должность 4: Кондуктор): задаём Владение английским.
INSERT INTO "AttributesValues" ("attributeValue_id", "attributeName_id", value, employe_id) VALUES
  (14, 2, '-', 10);     -- Владение английским: -

-- Сотрудник 11 (должность 5: Механик): задаём Разряд.
INSERT INTO "AttributesValues" ("attributeValue_id", "attributeName_id", value, employe_id) VALUES
  (15, 1, 'II', 11);    -- Разряд: II

-- Сотрудник 12 (должность 6: Специалист по ремонту): задаём Разряд.
INSERT INTO "AttributesValues" ("attributeValue_id", "attributeName_id", value, employe_id) VALUES
  (16, 1, 'III', 12);   -- Разряд: III

-- Сотрудник 13 (должность 1: Директор по эксплуатации): задаём Владение английским и Иностранный специалист.
INSERT INTO "AttributesValues" ("attributeValue_id", "attributeName_id", value, employe_id) VALUES
  (17, 2, '+', 13),     -- Владение английским: +
  (18, 3, '-', 13);     -- Иностранный специалист: -

-- Сотрудник 14 (должность 2: Главный инженер): задаём Разряд и Владение английским.
INSERT INTO "AttributesValues" ("attributeValue_id", "attributeName_id", value, employe_id) VALUES
  (19, 1, 'I', 14),     -- Разряд: I
  (20, 2, '+', 14);     -- Владение английским: +

-- Сотрудник 15 (должность 3: Водитель): задаём Разряд.
INSERT INTO "AttributesValues" ("attributeValue_id", "attributeName_id", value, employe_id) VALUES
  (21, 1, 'II', 15);    -- Разряд: II

-- Сотрудник 16 (должность 4: Кондуктор): задаём Владение английским.
INSERT INTO "AttributesValues" ("attributeValue_id", "attributeName_id", value, employe_id) VALUES
  (22, 2, '-', 16);     -- Владение английским: -

-- Сотрудник 17 (должность 5: Механик): задаём Разряд.
INSERT INTO "AttributesValues" ("attributeValue_id", "attributeName_id", value, employe_id) VALUES
  (23, 1, 'III', 17);   -- Разряд: III

-- Сотрудник 18 (должность 6: Специалист по ремонту): задаём Разряд.
INSERT INTO "AttributesValues" ("attributeValue_id", "attributeName_id", value, employe_id) VALUES
  (24, 1, '-', 18);     -- Разряд: '-' (нет разряда)

-- Сотрудник 19 (должность 3: Водитель): задаём Разряд.
INSERT INTO "AttributesValues" ("attributeValue_id", "attributeName_id", value, employe_id) VALUES
  (25, 1, 'I', 19);     -- Разряд: I

-- Сотрудник 20 (должность 4: Кондуктор): задаём Владение английским и, поскольку это экономическая деятельность (например, бухгалтер),
-- задаём Экономическое образование.
INSERT INTO "AttributesValues" ("attributeValue_id", "attributeName_id", value, employe_id) VALUES
  (26, 2, '+', 20),     -- Владение английским: +
  (27, 4, '+', 20);     -- Экономическое образование: +

  
SET session_replication_role = 'origin';